method,model,clean_detection,retained_robustness,rounded_gap
STONE,Qwen/Qwen2.5-Coder-14B-Instruct,0.5081,0.3109,0.1972
SWEET,Qwen/Qwen2.5-Coder-14B-Instruct,0.6745,0.1941,0.4804
EWD,Qwen/Qwen2.5-Coder-14B-Instruct,0.7223,0.1667,0.5556
KGW,Qwen/Qwen2.5-Coder-14B-Instruct,0.5709,0.3755,0.1954
STONE,Qwen/Qwen2.5-Coder-7B-Instruct,0.5141,0.3522,0.1619
SWEET,Qwen/Qwen2.5-Coder-7B-Instruct,0.6805,0.2886,0.3919
EWD,Qwen/Qwen2.5-Coder-7B-Instruct,0.7336,0.3005,0.4331
KGW,Qwen/Qwen2.5-Coder-7B-Instruct,0.5780,0.4055,0.1725
STONE,Qwen/Qwen2.5-Coder-1.5B-Instruct,0.5477,0.3526,0.1951
SWEET,Qwen/Qwen2.5-Coder-1.5B-Instruct,0.7768,0.2986,0.4782
EWD,Qwen/Qwen2.5-Coder-1.5B-Instruct,0.8153,0.2497,0.5656
KGW,Qwen/Qwen2.5-Coder-1.5B-Instruct,0.6044,0.3058,0.2986
STONE,bigcode/starcoder2-7b,0.5858,0.4447,0.1411
SWEET,bigcode/starcoder2-7b,0.8386,0.4289,0.4097
EWD,bigcode/starcoder2-7b,0.8756,0.4114,0.4642
KGW,bigcode/starcoder2-7b,0.7588,0.5010,0.2578
STONE,deepseek-ai/deepseek-coder-6.7b-instruct,0.5552,0.3191,0.2361
SWEET,deepseek-ai/deepseek-coder-6.7b-instruct,0.6946,0.3846,0.3100
EWD,deepseek-ai/deepseek-coder-6.7b-instruct,0.7616,0.3855,0.3761
KGW,deepseek-ai/deepseek-coder-6.7b-instruct,0.5864,0.4641,0.1223
